,gene_0,gene_1,gene_2,gene_3,gene_4,gene_5,gene_6
sample_0,0,2.01720929,3.265526912,5.478486512,10.43199896,0,7.175175262
sample_1,0,0.592732095,1.58842082,7.586156738,9.623010856,0,6.816049248
sample_2,0,3.511758978,4.327198719,6.881786959,9.870729971,0,6.972129709
sample_3,0,3.663617874,4.507648778,6.659068275,10.19618407,0,7.843374639
sample_4,0,2.655741075,2.821546959,6.539453525,9.738264562,0,6.566967329